Model,Repeat,Fold,Log loss,Brier,Macro AUC,Accuracy
A Demographics,1,1,0.9856945092979604,0.5891027411819884,0.6271321445623692,0.5230621919700031
A Demographics,1,2,0.9893668380256636,0.5882216272167274,0.6137360096566313,0.5548329130369577
A Demographics,1,3,1.0190912327062707,0.610238474421665,0.6003029288945354,0.5309532315940717
A Demographics,1,4,0.9915247142064882,0.5913029807782775,0.617437642439104,0.5181620079841135
A Demographics,1,5,0.9495693969101333,0.5646983484011674,0.6491077304826193,0.5713943718566488
A Demographics,2,1,1.0644661793926509,0.6392365225113255,0.5534495476808642,0.474409546614216
A Demographics,2,2,1.0002511969596217,0.599687635397093,0.611331778888736,0.5372363972138763
A Demographics,2,3,0.9573840733272696,0.5708395089558543,0.6444941748823038,0.5426930159221306
A Demographics,2,4,0.9759823243432778,0.5797189727818767,0.629547315014151,0.5619343190971665
A Demographics,2,5,0.9382677865487579,0.5557029949738822,0.6659042220562413,0.5738358488363822
A Demographics,3,1,0.9733130433439849,0.5812521842858398,0.630249099041929,0.5534037475462404
A Demographics,3,2,0.9753430591629951,0.5818514571516494,0.6312204633127161,0.5327280711400123
A Demographics,3,3,0.9953117892161663,0.5934222345333378,0.6098402830935433,0.5311126027140444
A Demographics,3,4,0.9790545979788491,0.5807716985875379,0.6107909083185282,0.5609194464817543
A Demographics,3,5,1.015803393097084,0.6090278934254723,0.5931147866647272,0.5118380435925066
A Demographics,4,1,1.0029210256060532,0.6010471464444518,0.6090420202007351,0.5067435834256309
A Demographics,4,2,0.966913924141121,0.5723205803842735,0.6241469739295735,0.5597320061538412
A Demographics,4,3,0.9917537121647112,0.5937439171321395,0.6084559903925237,0.5434249259657631
A Demographics,4,4,0.9701817219140211,0.5780491653269908,0.6476059950529919,0.5497076239091354
A Demographics,4,5,1.0052762857592683,0.6021883951106907,0.6014714492422012,0.5354349932045611
A Demographics,5,1,1.0055015307757913,0.5987327036467187,0.6026771051468803,0.526108145693285
A Demographics,5,2,0.9540296345945768,0.5665837428893191,0.6495633336316566,0.5567947883572876
A Demographics,5,3,0.9677718243062413,0.5743077906904913,0.6348750150480168,0.5466535559207872
A Demographics,5,4,0.9619707015930639,0.5737331129256337,0.6547276889807169,0.5557222129969791
A Demographics,5,5,1.0319743994369772,0.6245547408076645,0.5972956784950029,0.5039792740419864
A Demographics,6,1,0.9862032088058936,0.5896319627699036,0.6217381041191375,0.5258750720004347
A Demographics,6,2,0.9688091054177412,0.5746606024327784,0.6189090047408571,0.559193212274735
A Demographics,6,3,0.956905247988674,0.5647037563505126,0.6456747798452476,0.5733739993915651
A Demographics,6,4,1.0058169469688085,0.6059099246480378,0.6042362170263935,0.5153563824415572
A Demographics,6,5,1.0059906812882673,0.6027414417586249,0.6084885222638198,0.5275540365243849
A Demographics,7,1,1.0440698392103542,0.6283837391538272,0.5712857019501533,0.5146919922848103
A Demographics,7,2,0.9554532624856911,0.5685431688626192,0.6535209143760664,0.5403918491934097
A Demographics,7,3,0.9845297064691213,0.5864257064782239,0.6204739196192447,0.5365948386007964
A Demographics,7,4,0.9710757140110955,0.5783027100454811,0.6325479311163439,0.5597735720226134
A Demographics,7,5,0.983356491610007,0.5825437973086753,0.6087639436364563,0.5402019690042148
A Demographics,8,1,0.9757892081432906,0.5811656645344495,0.6258743245764684,0.5397946684656003
A Demographics,8,2,1.011210681143167,0.6048681021267448,0.6046110498252071,0.5304157276142278
A Demographics,8,3,1.0083057472804298,0.6076252931235858,0.5992459921292069,0.5164977461845892
A Demographics,8,4,0.95362957111754,0.567715717482494,0.6570651853045689,0.5632396156222413
A Demographics,8,5,0.9668508687273628,0.5720273872720928,0.6355984277985341,0.5465665962297297
A Demographics,9,1,0.9526101037741133,0.5607980709002967,0.6449097666448735,0.5631352335205901
A Demographics,9,2,1.0119587461038806,0.6054275892999895,0.6014687825880989,0.5280912177293945
A Demographics,9,3,0.9707045448598981,0.5798600292698098,0.642742045726232,0.5283819591558507
A Demographics,9,4,0.9988597803931809,0.5969005817462595,0.5996907363937425,0.5461552433862622
A Demographics,9,5,1.0038576941258206,0.6017736916042158,0.602486333482806,0.5281981397138826
A Demographics,10,1,0.9423910299982703,0.5602388732219328,0.6493982829160561,0.563645384661598
A Demographics,10,2,0.9996502345746122,0.5985393586320003,0.6131859333244275,0.5356667277020685
A Demographics,10,3,1.037001713967091,0.6245413037610705,0.578943191860995,0.4945674777456253
A Demographics,10,4,0.9610391065760807,0.5690642446892309,0.6361477284295275,0.555697407207612
A Demographics,10,5,1.0021937851385423,0.597323031958141,0.6040821362375337,0.5417640033224467
B + Correct,1,1,0.9812743007569918,0.5866101568778864,0.6371775026217711,0.525275671827148
B + Correct,1,2,0.9864826929174882,0.5860382210594599,0.6231672735066306,0.5559340499932007
B + Correct,1,3,1.0205291574082678,0.6095981859813,0.5985015135454299,0.5287533771077287
B + Correct,1,4,0.9917206640811367,0.5917139606535657,0.6193438560531115,0.5169870654869847
B + Correct,1,5,0.9481671453472681,0.5644287950151752,0.6497478718085742,0.5630888028842072
B + Correct,2,1,1.0608618423340677,0.6371892370757344,0.5635998774777383,0.47603881061095227
B + Correct,2,2,0.9938818343563286,0.5960610874382533,0.6313624151418801,0.5372363972138763
B + Correct,2,3,0.9670473484289577,0.5758870205568817,0.6253090335342383,0.5448665536495767
B + Correct,2,4,0.9764963269612597,0.579560369594183,0.6349347717916329,0.5653513486684143
B + Correct,2,5,0.9374641351365803,0.5558832628219634,0.6662128209368622,0.5737597554265854
B + Correct,3,1,0.9870902339197171,0.5872651061460136,0.6122777830713875,0.5544672982337276
B + Correct,3,2,0.9737155568713349,0.5815656072984738,0.6389005278754406,0.5350978574933151
B + Correct,3,3,0.9903770009988151,0.5907837287558834,0.6185317241136946,0.5279556280596376
B + Correct,3,4,0.9760879557987435,0.5788881345628052,0.6273181804005682,0.5609194464817543
B + Correct,3,5,1.0143751141566926,0.6080159864231127,0.5992761692205368,0.516472790968999
B + Correct,4,1,1.0029111136618207,0.5995244024429589,0.6108486816148909,0.5122650475480247
B + Correct,4,2,0.9627591641814395,0.5697908184677268,0.6397335827978815,0.5581682231513618
B + Correct,4,3,0.9884287656075089,0.5926142128604919,0.6161765840501378,0.5445292297719392
B + Correct,4,4,0.9677317496549647,0.5760246222995128,0.6540767967624416,0.5508611254189996
B + Correct,4,5,1.0079367443289164,0.604099516634826,0.5998654502204862,0.5337200630797773
B + Correct,5,1,1.0029480849588972,0.5974990779091085,0.6110968187049205,0.524068793211251
B + Correct,5,2,0.951634643612216,0.564897397060465,0.6548922154543014,0.557934175986416
B + Correct,5,3,0.9706298083424322,0.5748168147831729,0.6321549748129563,0.5523470067254429
B + Correct,5,4,0.9596188085630126,0.5729596719058835,0.6637450573130855,0.5529451877485113
B + Correct,5,5,1.0323665307779983,0.6246336228668391,0.5931235715474527,0.5089416825146464
B + Correct,6,1,0.9822768163401836,0.5874588696675995,0.6314419133888816,0.5302949423255727
B + Correct,6,2,0.9703652200176689,0.575073536374206,0.6221761099642075,0.560266780248361
B + Correct,6,3,0.9532027483509959,0.5625753085935236,0.6544323894661565,0.5695035266277492
B + Correct,6,4,1.0045472005764229,0.6053989744330689,0.610883920006271,0.5131465378419675
B + Correct,6,5,1.007265005743757,0.6031431381000087,0.6076245692401959,0.5275540365243849
B + Correct,7,1,1.0438839345399855,0.6276629165795586,0.5745292448569977,0.5163063671148211
B + Correct,7,2,0.9570817937576804,0.5687332993142212,0.6470281432995186,0.5403918491934097
B + Correct,7,3,0.9809622118276,0.5844865093700268,0.6313889890634542,0.5371975222479493
B + Correct,7,4,0.9685424671476223,0.5764048644562114,0.6443840266293662,0.5533511004027762
B + Correct,7,5,0.9841594407209779,0.5833485656819891,0.6109276143967801,0.5469988472751072
B + Correct,8,1,0.9698702843504718,0.5774810968019751,0.6430376654606991,0.5480254991163908
B + Correct,8,2,1.0102286280260915,0.6047850170409925,0.6090144594242967,0.5348694789303801
B + Correct,8,3,1.0097780776564076,0.6080900298618243,0.5977957122153618,0.5130755336129311
B + Correct,8,4,0.9586468121004171,0.5704257312520646,0.6465575407631966,0.5653576870831258
B + Correct,8,5,0.9625223959282388,0.569278042699617,0.647393020297301,0.5476571638330066
B + Correct,9,1,0.9524453975808701,0.5602161855568986,0.6488909136898986,0.5692024764942181
B + Correct,9,2,1.005220316199729,0.601425822703565,0.6189427522733144,0.5303497845347197
B + Correct,9,3,0.9802557567549607,0.5874398302862355,0.6180583367685745,0.526205826691366
B + Correct,9,4,1.0005978644969837,0.5978142800666927,0.60685987140966,0.5461552433862622
B + Correct,9,5,1.0008132466967965,0.5990116492340493,0.6157887820727681,0.5303758315873481
B + Correct,10,1,0.9400369978498302,0.5584839297944415,0.6591744089267392,0.560388863666498
B + Correct,10,2,0.9942913638054331,0.5954545702031669,0.6291014376667134,0.5357475003512021
B + Correct,10,3,1.0343342104009572,0.6226510686072771,0.5862416366048532,0.49236004628971053
B + Correct,10,4,0.9609781483542355,0.5689571305128355,0.6355191382364033,0.5605343240080615
B + Correct,10,5,1.0030499962327017,0.5980176048356648,0.6059036884996573,0.5521845571985219
C + Quiz DK,1,1,0.9485847051714782,0.5640873519026921,0.6754467124914125,0.5353645760889257
C + Quiz DK,1,2,0.9752698415938835,0.5818573613736442,0.6348804901242974,0.5387787714150298
C + Quiz DK,1,3,0.9967877375027271,0.5948798295979472,0.6302745930432542,0.5524387084727111
C + Quiz DK,1,4,0.9796898334327327,0.5834832890317689,0.6284184293207823,0.5389827378167373
C + Quiz DK,1,5,0.9606043684235931,0.5737900251266809,0.6391031996600419,0.5581443912209499
C + Quiz DK,2,1,1.0303409970603234,0.618664544534833,0.5950751435460914,0.49737457732991414
C + Quiz DK,2,2,0.9663523542657408,0.5778838380141187,0.6521530050105236,0.535334606333427
C + Quiz DK,2,3,0.9501397423097254,0.5651561209417537,0.6468241672494478,0.5628862202965963
C + Quiz DK,2,4,0.9754526934886324,0.5820618736860941,0.6332712084612435,0.5478529902369611
C + Quiz DK,2,5,0.937601994269798,0.5567215795971816,0.6708498840347996,0.5895373340009538
C + Quiz DK,3,1,0.9734439961251841,0.579421626337514,0.6247873301718432,0.5513221307423917
C + Quiz DK,3,2,0.9709647637620745,0.5805612039886483,0.6484827383925996,0.5332098726258828
C + Quiz DK,3,3,0.9670581175754426,0.57454435792803,0.6419279249080156,0.5590559135106632
C + Quiz DK,3,4,0.961017646523578,0.5715361060429788,0.6457920770297046,0.5576783531249737
C + Quiz DK,3,5,0.9954287553173825,0.5953780596413963,0.6199701011162304,0.5237523935407978
C + Quiz DK,4,1,0.9833278616952853,0.587224580869051,0.6313749481507758,0.5454162635740283
C + Quiz DK,4,2,0.9427749446178872,0.5588692983826787,0.6548452847133492,0.5602284185256711
C + Quiz DK,4,3,0.9792833286728101,0.5858875029406796,0.6340462947076361,0.5482837351683146
C + Quiz DK,4,4,0.9521334237707082,0.564878066787049,0.6719651849820311,0.5564309218522315
C + Quiz DK,4,5,0.9921689976071152,0.5958628496994891,0.621520633632341,0.5404061877669873
C + Quiz DK,5,1,0.9867759469159465,0.5889741359173527,0.6297501191124958,0.5503686862924108
C + Quiz DK,5,2,0.9493346681826226,0.5640440513523912,0.6588970152130568,0.5568203430473462
C + Quiz DK,5,3,0.9553310328534321,0.5654807049719,0.6474401528198657,0.5714855665380907
C + Quiz DK,5,4,0.9430472345984086,0.5606232219777076,0.6884759597514595,0.5456619791233447
C + Quiz DK,5,5,1.0071759020253055,0.6077799077816912,0.6187897602797849,0.5159561830640774
C + Quiz DK,6,1,0.9626772597929798,0.574048929536129,0.6597828518083638,0.5417144390119564
C + Quiz DK,6,2,0.9552941697743559,0.5656796631199339,0.6393475802710781,0.5720132677391647
C + Quiz DK,6,3,0.9390638487775054,0.5543587696689699,0.6650544731994991,0.5741610450882092
C + Quiz DK,6,4,0.997574777417953,0.6011446120184609,0.6222215311016982,0.5331915952083862
C + Quiz DK,6,5,0.9847698241600324,0.5903298537932384,0.629407297877035,0.5385756593950715
C + Quiz DK,7,1,1.023814268343429,0.6150469104974791,0.5949841892128139,0.5014691632016347
C + Quiz DK,7,2,0.957661129119963,0.5711073585198506,0.6442545594583252,0.5679055538877806
C + Quiz DK,7,3,0.9614907741677007,0.5724058702322733,0.6542800161955651,0.5471802594423884
C + Quiz DK,7,4,0.9455721600442529,0.5606155339769642,0.6719324958013159,0.5613124997618818
C + Quiz DK,7,5,0.9736733720502068,0.57748178294008,0.6238761621905785,0.5488151820208167
C + Quiz DK,8,1,0.9454933091481668,0.5628534656435622,0.6628959989238365,0.5560304374852411
C + Quiz DK,8,2,1.0173786919215817,0.6108733523323083,0.6095782040001129,0.529232026300878
C + Quiz DK,8,3,0.9869437496648704,0.5930853061538145,0.6281893080979685,0.5193097550540788
C + Quiz DK,8,4,0.9445583371432004,0.5619891527789926,0.6599137908599398,0.5536417469605838
C + Quiz DK,8,5,0.9408153263821635,0.5553701873129661,0.6723883204671383,0.5664584019503937
C + Quiz DK,9,1,0.9359596860725203,0.5507901998532574,0.6605918219623209,0.575451820157171
C + Quiz DK,9,2,1.0037063784007747,0.5999738852599463,0.6273907042850405,0.5209609030073916
C + Quiz DK,9,3,0.9562818993280827,0.5700229327153884,0.6478629161227977,0.5453148877574204
C + Quiz DK,9,4,0.9749381934212723,0.5826610596776756,0.6374103071329577,0.5653762943288653
C + Quiz DK,9,5,0.9925520560223624,0.5947214069670332,0.6287748340422112,0.5266509312575134
C + Quiz DK,10,1,0.9274598190037598,0.5508264638153244,0.6733245248334199,0.5741384265270892
C + Quiz DK,10,2,0.989130591912246,0.5925096153980475,0.6248854820619568,0.522761452440748
C + Quiz DK,10,3,1.0187504566744883,0.6145921324380677,0.6136277133146197,0.49740775275947413
C + Quiz DK,10,4,0.9490778961535573,0.5624093794114222,0.6493308665039212,0.580201590337654
C + Quiz DK,10,5,0.9729422173445662,0.5779857059900813,0.636547337705868,0.5530678672733138
D + Self-assessed knowledge,1,1,0.9440068773398554,0.562938037724726,0.6812545806896138,0.53209168793638
D + Self-assessed knowledge,1,2,0.970193864223842,0.5797200479423201,0.6422523712357101,0.5338621071869432
D + Self-assessed knowledge,1,3,0.9968817970015255,0.595953350139442,0.6298933133422865,0.555850198981707
D + Self-assessed knowledge,1,4,0.9808639769630794,0.5847664372339719,0.6277059202886631,0.5400756215349422
D + Self-assessed knowledge,1,5,0.9625623426404099,0.5755494237411659,0.6392665886078841,0.5448790565015428
D + Self-assessed knowledge,2,1,1.0249448470138753,0.6171228013490785,0.6022328379298737,0.49778400081486607
D + Self-assessed knowledge,2,2,0.9641390233678487,0.5771594820134468,0.6559295471052217,0.5342472652354956
D + Self-assessed knowledge,2,3,0.9498216500310784,0.5659737916514814,0.6465484403731137,0.560864483914574
D + Self-assessed knowledge,2,4,0.9800784455108822,0.5846935283807014,0.6289232696494208,0.5564097925573769
D + Self-assessed knowledge,2,5,0.9342696487977691,0.5554397258460525,0.6734744723201275,0.5896098381240411
D + Self-assessed knowledge,3,1,0.9696892027361667,0.5791611608038025,0.6313152633743743,0.55500741859881
D + Self-assessed knowledge,3,2,0.9735715923284858,0.5824690800376013,0.6423592049660399,0.5268491705160816
D + Self-assessed knowledge,3,3,0.9679907947745268,0.5759743190108734,0.6418967051033134,0.5625718267815514
D + Self-assessed knowledge,3,4,0.9571019848209368,0.5702417536356086,0.6516731811872472,0.5550359999165658
D + Self-assessed knowledge,3,5,0.9920385960784016,0.594905883321844,0.6215889200035423,0.5175010011078011
D + Self-assessed knowledge,4,1,0.9818750759995626,0.5879546507401071,0.6312341100745665,0.5437212620583167
D + Self-assessed knowledge,4,2,0.9480547599023509,0.5619006637811036,0.6456531039842922,0.5591899458444576
D + Self-assessed knowledge,4,3,0.9775247675687967,0.5867869842798444,0.6395892141055728,0.5418420608579118
D + Self-assessed knowledge,4,4,0.9529669934779318,0.5656598587736189,0.6665235483622318,0.5459634883266204
D + Self-assessed knowledge,4,5,0.986601268271243,0.5934465277715644,0.6310708645118809,0.5441996078365884
D + Self-assessed knowledge,5,1,0.9871984393899724,0.5905066119155948,0.6267159080221926,0.5386732800365955
D + Self-assessed knowledge,5,2,0.949129058720768,0.5642665986799784,0.6551580552360589,0.5579905784112251
D + Self-assessed knowledge,5,3,0.951391252818903,0.5640998610156482,0.6551953876418389,0.5703468763771595
D + Self-assessed knowledge,5,4,0.9402570791098729,0.5600597878076902,0.692058770882734,0.5485481831525328
D + Self-assessed knowledge,5,5,1.0065000178837724,0.6078670575354069,0.6212774193121194,0.5197589821191685
D + Self-assessed knowledge,6,1,0.9624473702949288,0.574339394489412,0.6601120627784741,0.5410410645503541
D + Self-assessed knowledge,6,2,0.9557258306367942,0.5669733724682176,0.6428748197866468,0.5667494723207009
D + Self-assessed knowledge,6,3,0.9391355360517084,0.5543703294230511,0.6645979714076377,0.5815437117118475
D + Self-assessed knowledge,6,4,0.9929410672899726,0.5996743805928926,0.6312180969094777,0.521700530906578
D + Self-assessed knowledge,6,5,0.981794632868595,0.5898268153932785,0.6329563244185726,0.5392502931529508
D + Self-assessed knowledge,7,1,1.021351911250785,0.615147469921634,0.5971397615267652,0.5079439544088368
D + Self-assessed knowledge,7,2,0.9565029001798216,0.5713885951945203,0.6493692679977793,0.5597626891327937
D + Self-assessed knowledge,7,3,0.9566299324455801,0.5702100062823507,0.6650004980475136,0.5421800504932057
D + Self-assessed knowledge,7,4,0.9483078403419739,0.5626104932327238,0.6672182024220196,0.5549671302197327
D + Self-assessed knowledge,7,5,0.9712563683610365,0.5772503892210863,0.6260425160034936,0.551900245525908
D + Self-assessed knowledge,8,1,0.94204260857039,0.5615638006551154,0.6676539411571488,0.5517741360818653
D + Self-assessed knowledge,8,2,1.0139576170401952,0.6103465403655352,0.6118570051197681,0.5268782648689402
D + Self-assessed knowledge,8,3,0.9882488346717977,0.5941551592137708,0.6287673148860776,0.5221217639235686
D + Self-assessed knowledge,8,4,0.9402321759637857,0.5607882569531866,0.6659386610893702,0.5551728205044537
D + Self-assessed knowledge,8,5,0.9472488713432837,0.5595873665810266,0.6677643552220246,0.5649663254976949
D + Self-assessed knowledge,9,1,0.9323071100539867,0.5504051249180476,0.6652089462432684,0.5860951280412519
D + Self-assessed knowledge,9,2,1.001533637508922,0.5997593962801986,0.6323258417714478,0.516968976139635
D + Self-assessed knowledge,9,3,0.957553936858131,0.570036702512954,0.6423633535332499,0.5476002853399152
D + Self-assessed knowledge,9,4,0.9868847190736001,0.5887119166277065,0.6289303267968089,0.5669717107524755
D + Self-assessed knowledge,9,5,0.9890178060435406,0.5945278966243451,0.6359565470217396,0.5202233807450201
D + Self-assessed knowledge,10,1,0.9278254957506664,0.551645049460639,0.676607050740396,0.5651599263443757
D + Self-assessed knowledge,10,2,0.9879839746870992,0.5924830689994514,0.6265737950161075,0.5312334755717909
D + Self-assessed knowledge,10,3,1.0149390596556371,0.6139011575376575,0.616741553103592,0.49740775275947413
D + Self-assessed knowledge,10,4,0.9514724524793992,0.5655770617266284,0.6510644468143807,0.5706327421049587
D + Self-assessed knowledge,10,5,0.9739313131154671,0.578644707475508,0.6381417099080399,0.5601838964812443
E + Non-quiz DK propensity,1,1,0.951613129193897,0.5680136204044642,0.6704734511159455,0.528016469947154
E + Non-quiz DK propensity,1,2,0.9654413875458251,0.5759577924522279,0.6449061322387003,0.5396125245025428
E + Non-quiz DK propensity,1,3,0.9892524821062689,0.5928981602816278,0.6358140950932158,0.5531858309821794
E + Non-quiz DK propensity,1,4,0.9735998406921212,0.5826755353216899,0.6368214099927058,0.5390966069414751
E + Non-quiz DK propensity,1,5,0.9591942971157961,0.5746714312268897,0.6460578013844768,0.5401469981253618
E + Non-quiz DK propensity,2,1,1.0163927847143688,0.6143365531994506,0.609837789111224,0.48068667310343594
E + Non-quiz DK propensity,2,2,0.9583935478572093,0.5742476133669074,0.6640731076132996,0.5431275409886618
E + Non-quiz DK propensity,2,3,0.9457019821341649,0.5665039802355266,0.6534875779937558,0.556517408459682
E + Non-quiz DK propensity,2,4,0.9788614213077264,0.5842312643189298,0.631029867963422,0.5486883345167596
E + Non-quiz DK propensity,2,5,0.9380789934731627,0.5563882696303352,0.6621324306708938,0.5902909016347156
E + Non-quiz DK propensity,3,1,0.9675936591345367,0.5787025197587504,0.6418185587451154,0.5482345523079535
E + Non-quiz DK propensity,3,2,0.9742840845502597,0.5842170907350218,0.6457570200446897,0.5354850207192589
E + Non-quiz DK propensity,3,3,0.9616906083351279,0.5738196044839367,0.644658927088924,0.5534068598686509
E + Non-quiz DK propensity,3,4,0.9546662812382576,0.5700450328937814,0.6548123681057473,0.5589399043267863
E + Non-quiz DK propensity,3,5,0.9851053771183335,0.5911391131498521,0.6289229909306734,0.5302779266340745
E + Non-quiz DK propensity,4,1,0.9809385972847309,0.5886655821522924,0.6346357251054042,0.5206171956757747
E + Non-quiz DK propensity,4,2,0.9446405999241313,0.5607995267577706,0.6473588721847247,0.5525250953110182
E + Non-quiz DK propensity,4,3,0.9712358141681732,0.5843492359245835,0.6500095872988721,0.5483085029828635
E + Non-quiz DK propensity,4,4,0.9477085525704387,0.5637312479001743,0.6709635882147085,0.5618846892306698
E + Non-quiz DK propensity,4,5,0.9841804132522425,0.591237086752694,0.6367945764311481,0.5389205344436165
E + Non-quiz DK propensity,5,1,0.9754031972370748,0.585272998390988,0.6383190753332546,0.5310423214653212
E + Non-quiz DK propensity,5,2,0.9393589166834945,0.558397045772742,0.6660023009120586,0.5564187405052508
E + Non-quiz DK propensity,5,3,0.9519725646651683,0.5656166312633039,0.6568400035807926,0.5560534330463429
E + Non-quiz DK propensity,5,4,0.9469209233972745,0.5634873355951627,0.6815661346804648,0.5443423423865505
E + Non-quiz DK propensity,5,5,1.0074112177052903,0.6091457472644621,0.6216867657947747,0.5070815548623344
E + Non-quiz DK propensity,6,1,0.9611171010260214,0.5745549414009471,0.6594219099838559,0.525778810331697
E + Non-quiz DK propensity,6,2,0.9452452518119573,0.5621381406747505,0.6532433688341415,0.5754961116546649
E + Non-quiz DK propensity,6,3,0.9360513980547208,0.5541387218377054,0.6688711467364842,0.574569004876147
E + Non-quiz DK propensity,6,4,0.9909931832817918,0.5997798998186947,0.6355627243111086,0.5157517863836301
E + Non-quiz DK propensity,6,5,0.9862095623308029,0.5925960148276124,0.6337778095046008,0.5367719283896336
E + Non-quiz DK propensity,7,1,1.0147996663514325,0.6142067485813624,0.6028676025857356,0.5082941586883805
E + Non-quiz DK propensity,7,2,0.9555050004003647,0.5721241960755792,0.650850179681239,0.5504940992526999
E + Non-quiz DK propensity,7,3,0.959555030276092,0.570129579576081,0.6590833486539692,0.5373564206641324
E + Non-quiz DK propensity,7,4,0.9441005543247455,0.5618851889936466,0.6719189676873069,0.5535610210699929
E + Non-quiz DK propensity,7,5,0.9640110818931761,0.5735406100927283,0.6341637672732134,0.5627935368737543
E + Non-quiz DK propensity,8,1,0.9408592772689894,0.5619837630484086,0.6685962866947914,0.551798865183403
E + Non-quiz DK propensity,8,2,1.0037630218934204,0.6055313242485169,0.6201205893003952,0.5381733421563583
E + Non-quiz DK propensity,8,3,0.9921562228051023,0.5982472483936817,0.6248083216018759,0.512009166653845
E + Non-quiz DK propensity,8,4,0.9359792736536349,0.5595182489121173,0.6710189395427307,0.5629485379414633
E + Non-quiz DK propensity,8,5,0.9399461297070296,0.5555437391621257,0.6770131948498926,0.5738497380734983
E + Non-quiz DK propensity,9,1,0.9280179076131739,0.5490317789216551,0.6712836728529904,0.581162968573901
E + Non-quiz DK propensity,9,2,0.9974775090123712,0.5996913214293904,0.6324143590515939,0.5165709350571615
E + Non-quiz DK propensity,9,3,0.9506900745522766,0.5668296227516767,0.6541442180813514,0.5416267600029128
E + Non-quiz DK propensity,9,4,0.9794892674515423,0.585845798738131,0.6354379917273435,0.5601425559092761
E + Non-quiz DK propensity,9,5,0.9948783239589731,0.5966748708827793,0.6305963633954522,0.5229649602460258
E + Non-quiz DK propensity,10,1,0.9251826020913202,0.5487655521799589,0.6794296033891064,0.5637041626070476
E + Non-quiz DK propensity,10,2,0.9931533230249239,0.5972361383784484,0.6230595763421712,0.5278837680970032
E + Non-quiz DK propensity,10,3,1.0098494045820818,0.6113164374020685,0.6215949815399294,0.5061356397050875
E + Non-quiz DK propensity,10,4,0.9443959898831532,0.5621267788506521,0.6595802925441193,0.5606535734753801
E + Non-quiz DK propensity,10,5,0.9637609314171783,0.5757164079806538,0.649354979409461,0.5416079180789427
